Edwards.CurveField	Curve25519Dalek.Math.Basic
Edwards.Ed25519	Curve25519Dalek.Math.Edwards.Curve
Edwards.Ed25519.denomsNeZero	Curve25519Dalek.Math.Edwards.Curve
Edwards.EdwardsCurve	Curve25519Dalek.Math.Edwards.Curve
Edwards.EdwardsCurve.a	Curve25519Dalek.Math.Edwards.Curve
Edwards.EdwardsCurve.d	Curve25519Dalek.Math.Edwards.Curve
Edwards.EdwardsCurve.mk	Curve25519Dalek.Math.Edwards.Curve
Edwards.Point	Curve25519Dalek.Math.Edwards.Curve
Edwards.Point.mk	Curve25519Dalek.Math.Edwards.Curve
Edwards.Point.on_curve	Curve25519Dalek.Math.Edwards.Curve
Edwards.Point.on_curve._autoParam	Curve25519Dalek.Math.Edwards.Curve
Edwards.Point.x	Curve25519Dalek.Math.Edwards.Curve
Edwards.Point.y	Curve25519Dalek.Math.Edwards.Curve
Edwards.add_closure	Curve25519Dalek.Math.Edwards.Curve
Edwards.add_closure._proof_1_1	Curve25519Dalek.Math.Edwards.Curve
Edwards.add_closure._proof_1_2	Curve25519Dalek.Math.Edwards.Curve
Edwards.add_closure._proof_1_3	Curve25519Dalek.Math.Edwards.Curve
Edwards.add_closure_Ed25519	Curve25519Dalek.Math.Edwards.Curve
Edwards.add_closure_Ed25519.match_1	Curve25519Dalek.Math.Edwards.Curve
Edwards.add_coords	Curve25519Dalek.Math.Edwards.Curve
Edwards.add_coords.match_1	Curve25519Dalek.Math.Edwards.Curve
Edwards.basepoint	Curve25519Dalek.Math.Edwards.Basepoint
Edwards.basepoint._proof_1	Curve25519Dalek.Math.Edwards.Basepoint
Edwards.basepoint._proof_2	Curve25519Dalek.Math.Edwards.Basepoint
Edwards.basepoint._proof_3	Curve25519Dalek.Math.Edwards.Basepoint
Edwards.complete_addition_denominators_ne_zero	Curve25519Dalek.Math.Edwards.Curve
Edwards.d_not_square	Curve25519Dalek.Math.Edwards.Curve
Edwards.instAddPointCurveFieldEd25519	Curve25519Dalek.Math.Edwards.Curve
Edwards.instInhabitedPointCurveFieldEd25519._proof_1	Curve25519Dalek.Math.Edwards.Curve
Edwards.instNeZeroCurveFieldOfNat	Curve25519Dalek.Math.Edwards.Curve
Edwards.instSMulNatPointCurveFieldEd25519	Curve25519Dalek.Math.Edwards.Curve
Edwards.instZeroPointCurveFieldEd25519	Curve25519Dalek.Math.Edwards.Curve
Edwards.neg_one_is_square	Curve25519Dalek.Math.Edwards.Curve
Edwards.nsmul_Ed25519	Curve25519Dalek.Math.Edwards.Curve
Edwards.nsmul_Ed25519.match_1	Curve25519Dalek.Math.Edwards.Curve
Field51_as_Nat	Curve25519Dalek.Math.Basic
Field51_as_Nat._proof_1	Curve25519Dalek.Math.Basic
L	Curve25519Dalek.Math.Basic
Montgomery.B_d_relation	Curve25519Dalek.Math.Montgomery.Representation
Montgomery.Curve25519.A	Curve25519Dalek.Math.Montgomery.Curve
Montgomery.Curve25519.A._proof_1	Curve25519Dalek.Math.Montgomery.Curve
Montgomery.Curve25519.A.eq_1	Curve25519Dalek.Math.Montgomery.Curve
Montgomery.Curve25519.roots_B	Curve25519Dalek.Math.Montgomery.Representation
Montgomery.Curve25519.roots_B._proof_1	Curve25519Dalek.Math.Montgomery.Representation
Montgomery.CurveField	Curve25519Dalek.Math.Montgomery.Curve
Montgomery.MontgomeryCurveCurve25519	Curve25519Dalek.Math.Montgomery.Curve
Montgomery.MontgomeryCurveCurve25519.eq_1	Curve25519Dalek.Math.Montgomery.Curve
Montgomery.MontgomeryPoint.mkPoint	Curve25519Dalek.Math.Montgomery.Representation
Montgomery.MontgomeryPoint.u_affine_toPoint	Curve25519Dalek.Math.Montgomery.Representation
Montgomery.MontgomeryPoint.u_affine_toPoint._proof_1	Curve25519Dalek.Math.Montgomery.Representation
Montgomery.MontgomeryPoint.u_affine_toPoint._simp_1	Curve25519Dalek.Math.Montgomery.Representation
Montgomery.Point	Curve25519Dalek.Math.Montgomery.Curve
Montgomery.T_point	Curve25519Dalek.Math.Montgomery.Curve
Montgomery.T_point._proof_1	Curve25519Dalek.Math.Montgomery.Curve
Montgomery.a_plus_d	Curve25519Dalek.Math.Montgomery.Representation
Montgomery.a_sub_d	Curve25519Dalek.Math.Montgomery.Representation
Montgomery.adA	Curve25519Dalek.Math.Montgomery.Representation
Montgomery.adB	Curve25519Dalek.Math.Montgomery.Representation
Montgomery.d_eq	Curve25519Dalek.Math.Montgomery.Representation
Montgomery.fromEdwards	Curve25519Dalek.Math.Montgomery.Representation
Montgomery.fromEdwards._proof_1	Curve25519Dalek.Math.Montgomery.Representation
Montgomery.fromEdwards._proof_2	Curve25519Dalek.Math.Montgomery.Representation
Montgomery.fromEdwards._simp_2	Curve25519Dalek.Math.Montgomery.Representation
Montgomery.fromEdwards._simp_3	Curve25519Dalek.Math.Montgomery.Representation
Montgomery.get_u	Curve25519Dalek.Math.Montgomery.Curve
Montgomery.get_u.match_1	Curve25519Dalek.Math.Montgomery.Curve
Montgomery.instDecidableEqCurveField	Curve25519Dalek.Math.Montgomery.Curve
Montgomery.instFactPrimeP	Curve25519Dalek.Math.Montgomery.Curve
Montgomery.instNeZeroCurveFieldOfNat	Curve25519Dalek.Math.Montgomery.Curve
Montgomery.montgomery_edwards_inverse	Curve25519Dalek.Math.Montgomery.Representation
Montgomery.montgomery_edwards_inverse._proof_1_10	Curve25519Dalek.Math.Montgomery.Representation
Montgomery.montgomery_edwards_inverse._proof_1_11	Curve25519Dalek.Math.Montgomery.Representation
Montgomery.montgomery_edwards_inverse._proof_1_15	Curve25519Dalek.Math.Montgomery.Representation
Montgomery.montgomery_edwards_inverse._proof_1_16	Curve25519Dalek.Math.Montgomery.Representation
Montgomery.montgomery_edwards_inverse._proof_1_8	Curve25519Dalek.Math.Montgomery.Representation
Montgomery.montgomery_edwards_inverse._proof_1_9	Curve25519Dalek.Math.Montgomery.Representation
Montgomery.montgomery_edwards_inverse._simp_1_1	Curve25519Dalek.Math.Montgomery.Representation
Montgomery.montgomery_edwards_inverse._simp_1_12	Curve25519Dalek.Math.Montgomery.Representation
Montgomery.montgomery_edwards_inverse._simp_1_13	Curve25519Dalek.Math.Montgomery.Representation
Montgomery.montgomery_edwards_inverse._simp_1_14	Curve25519Dalek.Math.Montgomery.Representation
Montgomery.non_singular	Curve25519Dalek.Math.Montgomery.Curve
Montgomery.non_singular._proof_1_3	Curve25519Dalek.Math.Montgomery.Curve
Montgomery.non_singular._proof_1_4	Curve25519Dalek.Math.Montgomery.Curve
Montgomery.non_singular._proof_1_5	Curve25519Dalek.Math.Montgomery.Curve
Montgomery.non_singular._proof_1_6	Curve25519Dalek.Math.Montgomery.Curve
Montgomery.non_singular._proof_1_7	Curve25519Dalek.Math.Montgomery.Curve
Montgomery.non_singular._simp_1_1	Curve25519Dalek.Math.Montgomery.Curve
Montgomery.nonsingular_iff	Curve25519Dalek.Math.Montgomery.Curve
Montgomery.nonsingular_iff._proof_1_4	Curve25519Dalek.Math.Montgomery.Curve
Montgomery.nonsingular_iff._proof_1_5	Curve25519Dalek.Math.Montgomery.Curve
Montgomery.nonsingular_iff._proof_1_6	Curve25519Dalek.Math.Montgomery.Curve
Montgomery.nonsingular_iff._proof_1_7	Curve25519Dalek.Math.Montgomery.Curve
Montgomery.nonsingular_iff._simp_1_1	Curve25519Dalek.Math.Montgomery.Curve
Montgomery.nonsingular_iff._simp_1_2	Curve25519Dalek.Math.Montgomery.Curve
Montgomery.nonsingular_iff._simp_1_3	Curve25519Dalek.Math.Montgomery.Curve
Montgomery.nonsingular_on_curves_M	Curve25519Dalek.Math.Montgomery.Representation
Montgomery.on_MontgomeryCurves	Curve25519Dalek.Math.Montgomery.Representation
Montgomery.on_MontgomeryCurves._proof_1_1	Curve25519Dalek.Math.Montgomery.Representation
Montgomery.on_curves_M	Curve25519Dalek.Math.Montgomery.Representation
Montgomery.on_curves_M._proof_1_1	Curve25519Dalek.Math.Montgomery.Representation
Montgomery.on_curves_M._proof_1_10	Curve25519Dalek.Math.Montgomery.Representation
Montgomery.on_curves_M._proof_1_11	Curve25519Dalek.Math.Montgomery.Representation
Montgomery.on_curves_M._proof_1_12	Curve25519Dalek.Math.Montgomery.Representation
Montgomery.on_curves_M._proof_1_13	Curve25519Dalek.Math.Montgomery.Representation
Montgomery.on_curves_M._proof_1_14	Curve25519Dalek.Math.Montgomery.Representation
Montgomery.on_curves_M._proof_1_15	Curve25519Dalek.Math.Montgomery.Representation
Montgomery.on_curves_M._proof_1_16	Curve25519Dalek.Math.Montgomery.Representation
Montgomery.on_curves_M._proof_1_17	Curve25519Dalek.Math.Montgomery.Representation
Montgomery.on_curves_M._proof_1_2	Curve25519Dalek.Math.Montgomery.Representation
Montgomery.on_curves_M._proof_1_4	Curve25519Dalek.Math.Montgomery.Representation
Montgomery.on_curves_M._proof_1_5	Curve25519Dalek.Math.Montgomery.Representation
Montgomery.on_curves_M._proof_1_9	Curve25519Dalek.Math.Montgomery.Representation
Montgomery.on_curves_M._simp_1_3	Curve25519Dalek.Math.Montgomery.Representation
Montgomery.on_curves_M._simp_1_6	Curve25519Dalek.Math.Montgomery.Representation
Montgomery.on_curves_M._simp_1_7	Curve25519Dalek.Math.Montgomery.Representation
Montgomery.on_curves_M._simp_1_8	Curve25519Dalek.Math.Montgomery.Representation
Montgomery.pow2_roots_B	Curve25519Dalek.Math.Montgomery.Representation
Montgomery.v_squared	Curve25519Dalek.Math.Montgomery.Representation
Scalar52_as_Nat	Curve25519Dalek.Math.Basic
U8x32_as_Field	Curve25519Dalek.Math.Basic
U8x32_as_Field._proof_1	Curve25519Dalek.Math.Basic
U8x32_as_Nat	Curve25519Dalek.Math.Basic
U8x32_as_Nat._proof_1	Curve25519Dalek.Math.Basic
U8x64_as_Nat	Curve25519Dalek.Math.Basic
U8x64_as_Nat._proof_1	Curve25519Dalek.Math.Basic
_private.Curve25519Dalek.Math.Basic.0.curve25519_dalek.math.sqrt_ad_minus_one_val	Curve25519Dalek.Math.Basic
_private.Curve25519Dalek.Math.Basic.0.curve25519_dalek.math.sqrt_m1_sq_nat	Curve25519Dalek.Math.Basic
a	Curve25519Dalek.Math.Basic
curve25519_dalek.backend.serial.u64.field.FieldElement51.IsValid	Curve25519Dalek.Math.Basic
curve25519_dalek.backend.serial.u64.field.FieldElement51.instDecidableIsValid	Curve25519Dalek.Math.Basic
curve25519_dalek.backend.serial.u64.field.FieldElement51.toField	Curve25519Dalek.Math.Basic
curve25519_dalek.edwards.EdwardsPoint.IsValid	Curve25519Dalek.Math.Edwards.Representation
curve25519_dalek.edwards.EdwardsPoint.IsValid.Z_ne_zero	Curve25519Dalek.Math.Edwards.Representation
curve25519_dalek.edwards.EdwardsPoint.IsValid.casesOn	Curve25519Dalek.Math.Edwards.Representation
curve25519_dalek.edwards.EdwardsPoint.IsValid.mk	Curve25519Dalek.Math.Edwards.Representation
curve25519_dalek.edwards.EdwardsPoint.IsValid.on_curve	Curve25519Dalek.Math.Edwards.Representation
curve25519_dalek.edwards.EdwardsPoint.IsValid.rec	Curve25519Dalek.Math.Edwards.Representation
curve25519_dalek.edwards.EdwardsPoint.instDecidableIsValid	Curve25519Dalek.Math.Edwards.Representation
curve25519_dalek.edwards.EdwardsPoint.instDecidableIsValid._proof_1	Curve25519Dalek.Math.Edwards.Representation
curve25519_dalek.edwards.EdwardsPoint.isValid_iff	Curve25519Dalek.Math.Edwards.Representation
curve25519_dalek.edwards.EdwardsPoint.toPoint	Curve25519Dalek.Math.Edwards.Representation
curve25519_dalek.edwards.EdwardsPoint.toPoint'	Curve25519Dalek.Math.Edwards.Representation
curve25519_dalek.edwards.EdwardsPoint.toPoint'._proof_1	Curve25519Dalek.Math.Edwards.Representation
curve25519_dalek.edwards.affine.AffinePoint.IsValid	Curve25519Dalek.Math.Edwards.Representation
curve25519_dalek.edwards.affine.AffinePoint.IsValid.casesOn	Curve25519Dalek.Math.Edwards.Representation
curve25519_dalek.edwards.affine.AffinePoint.IsValid.mk	Curve25519Dalek.Math.Edwards.Representation
curve25519_dalek.edwards.affine.AffinePoint.IsValid.on_curve	Curve25519Dalek.Math.Edwards.Representation
curve25519_dalek.edwards.affine.AffinePoint.IsValid.rec	Curve25519Dalek.Math.Edwards.Representation
curve25519_dalek.edwards.affine.AffinePoint.instDecidableIsValid	Curve25519Dalek.Math.Edwards.Representation
curve25519_dalek.edwards.affine.AffinePoint.instDecidableIsValid._proof_1	Curve25519Dalek.Math.Edwards.Representation
curve25519_dalek.edwards.affine.AffinePoint.isValid_iff	Curve25519Dalek.Math.Edwards.Representation
curve25519_dalek.edwards.affine.AffinePoint.toPoint	Curve25519Dalek.Math.Edwards.Representation
curve25519_dalek.math.a_val	Curve25519Dalek.Math.Ristretto.Representation
curve25519_dalek.math.a_val.eq_1	Curve25519Dalek.Math.Ristretto.Representation
curve25519_dalek.math.abs_edwards	Curve25519Dalek.Math.Basic
curve25519_dalek.math.abs_edwards_sq	Curve25519Dalek.Math.Basic
curve25519_dalek.math.compress_den1	Curve25519Dalek.Math.Ristretto.Representation
curve25519_dalek.math.compress_den2	Curve25519Dalek.Math.Ristretto.Representation
curve25519_dalek.math.compress_den_inv	Curve25519Dalek.Math.Ristretto.Representation
curve25519_dalek.math.compress_invsqrt	Curve25519Dalek.Math.Ristretto.Representation
curve25519_dalek.math.compress_pure	Curve25519Dalek.Math.Ristretto.Representation
curve25519_dalek.math.compress_rotate	Curve25519Dalek.Math.Ristretto.Representation
curve25519_dalek.math.compress_s	Curve25519Dalek.Math.Ristretto.Representation
curve25519_dalek.math.compress_u1	Curve25519Dalek.Math.Ristretto.Representation
curve25519_dalek.math.compress_u2	Curve25519Dalek.Math.Ristretto.Representation
curve25519_dalek.math.compress_x_prime	Curve25519Dalek.Math.Ristretto.Representation
curve25519_dalek.math.compress_y_final	Curve25519Dalek.Math.Ristretto.Representation
curve25519_dalek.math.compress_y_prime	Curve25519Dalek.Math.Ristretto.Representation
curve25519_dalek.math.compress_z_inv	Curve25519Dalek.Math.Ristretto.Representation
curve25519_dalek.math.decompress_helper	Curve25519Dalek.Math.Ristretto.Representation
curve25519_dalek.math.elligator_D	Curve25519Dalek.Math.Ristretto.Representation
curve25519_dalek.math.elligator_Ns	Curve25519Dalek.Math.Ristretto.Representation
curve25519_dalek.math.elligator_Nt	Curve25519Dalek.Math.Ristretto.Representation
curve25519_dalek.math.elligator_c	Curve25519Dalek.Math.Ristretto.Representation
curve25519_dalek.math.elligator_is_square	Curve25519Dalek.Math.Ristretto.Representation
curve25519_dalek.math.elligator_r	Curve25519Dalek.Math.Ristretto.Representation
curve25519_dalek.math.elligator_ratio	Curve25519Dalek.Math.Ristretto.Representation
curve25519_dalek.math.elligator_ristretto_flavor_pure	Curve25519Dalek.Math.Ristretto.Representation
curve25519_dalek.math.elligator_ristretto_flavor_pure._proof_1	Curve25519Dalek.Math.Ristretto.Representation
curve25519_dalek.math.elligator_ristretto_flavor_pure._proof_2	Curve25519Dalek.Math.Ristretto.Representation
curve25519_dalek.math.elligator_ristretto_flavor_x	Curve25519Dalek.Math.Ristretto.Representation
curve25519_dalek.math.elligator_ristretto_flavor_y	Curve25519Dalek.Math.Ristretto.Representation
curve25519_dalek.math.elligator_s	Curve25519Dalek.Math.Ristretto.Representation
curve25519_dalek.math.instDecidableElligatorIsSquare	Curve25519Dalek.Math.Ristretto.Representation
curve25519_dalek.math.instDecidableElligatorIsSquare._proof_1	Curve25519Dalek.Math.Ristretto.Representation
curve25519_dalek.math.inv_sqrt_checked	Curve25519Dalek.Math.Basic
curve25519_dalek.math.inv_sqrt_checked.match_1	Curve25519Dalek.Math.Basic
curve25519_dalek.math.inv_sqrt_checked_spec	Curve25519Dalek.Math.Basic
curve25519_dalek.math.inv_sqrt_checked_zero	Curve25519Dalek.Math.Basic
curve25519_dalek.math.invsqrt_a_minus_d	Curve25519Dalek.Math.Ristretto.Representation
curve25519_dalek.math.invsqrt_a_minus_d._proof_1	Curve25519Dalek.Math.Ristretto.Representation
curve25519_dalek.math.is_negative	Curve25519Dalek.Math.Basic
curve25519_dalek.math.p_sub_one_cast	Curve25519Dalek.Math.Basic
curve25519_dalek.math.sqrt	Curve25519Dalek.Math.Basic
curve25519_dalek.math.sqrt._proof_1	Curve25519Dalek.Math.Basic
curve25519_dalek.math.sqrt_ad_minus_one	Curve25519Dalek.Math.Basic
curve25519_dalek.math.sqrt_checked	Curve25519Dalek.Math.Basic
curve25519_dalek.math.sqrt_checked._proof_1	Curve25519Dalek.Math.Basic
curve25519_dalek.math.sqrt_checked._proof_2	Curve25519Dalek.Math.Basic
curve25519_dalek.math.sqrt_checked_spec	Curve25519Dalek.Math.Basic
curve25519_dalek.math.sqrt_m1	Curve25519Dalek.Math.Basic
curve25519_dalek.math.sqrt_m1._proof_1	Curve25519Dalek.Math.Basic
curve25519_dalek.math.sqrt_m1_not_square	Curve25519Dalek.Math.Basic
curve25519_dalek.math.sqrt_m1_sq	Curve25519Dalek.Math.Basic
curve25519_dalek.montgomery.MontgomeryPoint.toPoint.match_1	Curve25519Dalek.Math.Montgomery.Representation
curve25519_dalek.ristretto.CompressedRistretto.IsValid	Curve25519Dalek.Math.Ristretto.Representation
curve25519_dalek.ristretto.IsEven	Curve25519Dalek.Math.Ristretto.Representation
curve25519_dalek.ristretto.RistrettoPoint.IsValid	Curve25519Dalek.Math.Ristretto.Representation
curve25519_dalek.ristretto.RistrettoPoint.toPoint	Curve25519Dalek.Math.Ristretto.Representation
curve25519_dalek.ristretto.decompress_pure	Curve25519Dalek.Math.Ristretto.Representation
curve25519_dalek.ristretto.decompress_step1	Curve25519Dalek.Math.Ristretto.Representation
curve25519_dalek.ristretto.decompress_step2	Curve25519Dalek.Math.Ristretto.Representation
curve25519_dalek.ristretto.decompress_step2._proof_1	Curve25519Dalek.Math.Ristretto.Representation
curve25519_dalek.ristretto.decompress_step2._proof_2	Curve25519Dalek.Math.Ristretto.Representation
curve25519_dalek.ristretto.decompress_step2._simp_3	Curve25519Dalek.Math.Ristretto.Representation
curve25519_dalek.ristretto.decompress_step2.match_1	Curve25519Dalek.Math.Ristretto.Representation
d	Curve25519Dalek.Math.Basic
h	Curve25519Dalek.Math.Basic
instFactPrimeL	Curve25519Dalek.Math.Basic
instFactPrimeP	Curve25519Dalek.Math.Basic
p	Curve25519Dalek.Math.Basic
